Date,Close,Adj Close,High,Low,Open,Volume,Ticker
2022-12-15,59.758094787597656,59.758094787597656,62.74599952697754,59.758094787597656,62.74599952697754,1318200,GEHC
2022-12-16,56.511234283447266,56.511234283447266,59.75808876815066,54.778248037471435,59.75808876815066,2307500,GEHC
2022-12-19,56.2722053527832,56.2722053527832,58.752167932950606,52.78631652561964,52.78631652561964,117200,GEHC
2022-12-20,56.979339599609375,56.979339599609375,57.76615538653799,56.531153151402115,57.76615538653799,22200,GEHC
2022-12-21,56.730342864990234,56.730342864990234,66.01276538407896,55.27623033029948,58.762118729507556,290700,GEHC
2022-12-22,57.367767333984375,57.367767333984375,60.77298516421084,56.77018792815176,58.19442277134726,3253200,GEHC
2022-12-23,57.2681770324707,57.2681770324707,60.40149320118539,56.77019288436226,57.855798479211366,125800,GEHC
2022-12-27,57.21837615966797,57.21837615966797,58.752168161420556,57.143677781789094,57.746238111195325,26500,GEHC
2022-12-28,57.2681770324707,57.2681770324707,57.76616118057914,56.77019288436226,57.69644370378936,514800,GEHC
2022-12-29,57.76615905761719,57.76615905761719,58.54301308433461,57.51716699271366,58.26414318742423,374800,GEHC
2022-12-30,58.14462661743164,58.14462661743164,58.762125859262504,57.49724574501793,58.5031757898874,351100,GEHC
2023-01-03,55.77422332763672,55.77422332763672,60.43535515253461,55.644746388245814,60.43535515253461,1794100,GEHC
2023-01-04,60.24612045288086,60.24612045288086,60.46523088193989,53.28430079010079,53.91176184452203,33338500,GEHC
2023-01-05,58.76213073730469,58.76213073730469,62.72608418536068,57.905597376293834,60.39551817024742,8850600,GEHC
2023-01-06,58.71232223510742,58.71232223510742,59.69832855974596,57.63667482715602,59.4393785167115,5902600,GEHC
2023-01-09,57.865753173828125,57.865753173828125,59.73817452720468,57.49724598915822,58.55297369039212,5288900,GEHC
2023-01-10,59.758094787597656,59.758094787597656,59.8178542501395,57.82093685217842,58.91152329783363,6663000,GEHC
2023-01-11,64.72795867919922,64.72795867919922,66.11235360172057,59.832778809863235,60.19630500498011,9219400,GEHC
2023-01-12,65.38531494140625,65.38531494140625,66.25180242674723,63.4033365186154,65.82353578965147,5819800,GEHC
2023-01-13,65.1761703491211,65.1761703491211,65.23592601772668,63.48302341780511,64.73794184965243,3772100,GEHC
2023-01-17,63.07466506958008,63.07466506958008,65.46499016091873,63.00494380336976,63.68220245260515,3774600,GEHC
2023-01-18,61.8297119140625,61.8297119140625,63.24398503124635,61.74007461795103,62.94519531064726,2610300,GEHC
2023-01-19,63.68220520019531,63.68220520019531,64.2399487587229,61.052849765868565,61.08273139533853,2585600,GEHC
2023-01-20,66.50079345703125,66.50079345703125,67.54656310784416,63.28382042208542,63.70212524295684,4001600,GEHC
2023-01-23,69.23970794677734,69.23970794677734,69.62814254688777,66.50876628428217,67.07845871320448,3724100,GEHC
2023-01-24,69.31938934326172,69.31938934326172,70.34523543479162,68.43297820017463,68.75168773927746,2591000,GEHC
2023-01-25,68.43297576904297,68.43297576904297,69.41898218332706,66.68006956693327,68.18398371300717,2802100,GEHC
2023-01-26,68.94091796875,68.94091796875,69.16998639269985,67.52664499049766,68.23378147962383,2075900,GEHC
2023-01-27,69.79745483398438,69.79745483398438,70.22572147346678,68.08438827605478,68.58237238714435,2810600,GEHC
2023-01-30,71.21172332763672,71.21172332763672,73.6518422763329,67.64615549679058,68.13418536543703,4259900,GEHC
2023-01-31,69.23970794677734,69.23970794677734,70.82827848804551,68.22382369644842,70.72370607922062,3084300,GEHC
2023-02-01,69.72772979736328,69.72772979736328,70.45478226543815,67.25772553093961,68.7217998744817,2698700,GEHC
2023-02-02,70.36516571044922,70.36516571044922,71.60016434145118,68.72181640707468,69.3094340884278,2776000,GEHC
2023-02-03,70.26555633544922,70.26555633544922,70.34522801284287,68.82139795232561,69.34925985839928,3074900,GEHC
2023-02-06,71.57027435302734,71.57027435302734,72.05829663586226,69.25962846870779,69.62813943251699,2227400,GEHC
2023-02-07,71.34121704101562,71.34121704101562,71.90891875120698,70.81335498049478,71.29142317790465,1932300,GEHC
2023-02-08,69.8870849609375,69.8870849609375,71.13204517870524,69.73768821507853,70.92289277395635,1111900,GEHC
2023-02-09,68.13418579101562,68.13418579101562,70.69382367021943,67.93498759890528,69.96676356662633,1186000,GEHC
2023-02-10,68.96083068847656,68.96083068847656,69.25962416474155,67.91506871881656,67.9250229290273,1968100,GEHC
2023-02-13,69.15006256103516,69.15006256103516,69.58829093805538,67.63619445648943,68.2437279810403,2223200,GEHC
2023-02-14,72.31725311279297,72.31725311279297,72.87499288482097,68.43695721681884,68.6720057776927,3036000,GEHC
2023-02-15,72.0284194946289,72.0284194946289,73.24350190723369,71.4308400978853,72.4068846728852,1773000,GEHC
2023-02-16,70.62410736083984,70.62410736083984,71.53043445424447,70.05639820299078,71.31132023864677,1829400,GEHC
2023-02-17,72.87498474121094,72.87498474121094,73.18374002219618,70.60417866755768,70.68385793998185,2408600,GEHC
2023-02-21,72.17781066894531,72.17781066894531,72.8052678472704,71.95869646738089,72.32720740625139,1835500,GEHC
2023-02-22,71.64994812011719,71.64994812011719,72.7056718830202,70.55737098407778,71.9786118207912,2010200,GEHC
2023-02-23,75.59400177001953,75.59400177001953,75.90274953710683,71.99157975281922,72.14795207756055,3763200,GEHC
2023-02-24,74.70758056640625,74.70758056640625,75.46451096545296,73.92076473700385,74.53826018892961,2102900,GEHC
2023-02-27,75.7334213256836,75.7334213256836,76.66963384652871,74.26934688517362,74.69761350655656,2139600,GEHC
2023-02-28,75.69358825683594,75.69358825683594,76.0322138201139,74.99641350971376,75.7334278993336,3511800,GEHC
2023-03-01,74.99640655517578,74.99640655517578,75.43462738474358,74.7075748728276,75.06612402342299,2534300,GEHC
2023-03-02,74.73745727539062,74.73745727539062,75.16572392043847,74.1996335165886,74.48846521661012,1391900,GEHC
2023-03-03,76.06210327148438,76.06210327148438,76.58996526486952,74.81714287250611,75.22548593208066,2082700,GEHC
2023-03-06,76.37083435058594,76.37083435058594,76.84890238285259,75.39478226741528,75.60394225559253,1874100,GEHC
2023-03-07,75.94258117675781,75.94258117675781,76.52522170739249,75.62387163183027,76.05213829519869,1709400,GEHC
2023-03-08,76.321044921875,76.321044921875,77.08794473624117,75.79517380290639,75.94257971911122,1641300,GEHC
2023-03-09,76.07205200195312,76.07205200195312,77.08794386955057,75.59399149842996,76.68955505085813,1683800,GEHC
2023-03-10,74.66773223876953,74.66773223876953,76.22144009660062,74.1996259999015,75.57405928962639,3388600,GEHC
2023-03-13,75.9326171875,75.9326171875,77.16762328746172,73.74149007882615,74.64781723426165,2272100,GEHC
2023-03-14,76.8289794921875,76.8289794921875,78.44245056788394,76.04216377248186,76.38079688158865,1992300,GEHC
2023-03-15,76.45052337646484,76.45052337646484,76.50031722872812,75.2852347737127,75.62386792282194,2326200,GEHC
2023-03-16,76.31109619140625,76.31109619140625,77.13774413046579,75.44460100866925,75.65375344616398,1624600,GEHC
2023-03-17,75.53423309326172,75.53423309326172,77.22738378191318,75.12589003685623,76.55012502617963,5803300,GEHC
2023-03-20,74.89680480957031,74.89680480957031,75.5043460130449,74.20959192589923,75.18563649635611,1714100,GEHC
2023-03-21,76.21148681640625,76.21148681640625,76.37084538306047,75.19560254920695,75.34499930578662,1401600,GEHC
2023-03-22,74.46854400634766,74.46854400634766,76.73935803875855,74.40878834186982,76.55012163639893,1549800,GEHC
2023-03-23,75.40474700927734,75.40474700927734,76.40071514982832,74.5681374185588,75.10596112629239,1393700,GEHC
2023-03-24,76.15174865722656,76.15174865722656,76.18162649568319,74.58807845602647,74.95658952714314,1154800,GEHC
2023-03-27,76.07205200195312,76.07205200195312,77.14769953283229,75.95751778111826,76.51028046237828,1196600,GEHC
2023-03-28,76.58995819091797,76.58995819091797,76.62979783184186,75.84298202052274,76.07205045754193,760800,GEHC
2023-03-29,78.92052459716797,78.92052459716797,79.14960064559891,76.74931343683649,77.04810696111424,1786000,GEHC
2023-03-30,81.80882263183594,81.80882263183594,81.95722395192367,79.17946734305173,79.45833720722067,2188900,GEHC
2023-03-31,81.69927215576172,81.69927215576172,82.25701192934392,81.25108949465239,81.91838638070745,1916200,GEHC
2023-04-03,81.48015594482422,81.48015594482422,82.28689535324594,81.14153040444138,81.66939233423483,1913100,GEHC
2023-04-04,81.26104736328125,81.26104736328125,81.82875657090192,81.14153603421151,81.66939800062913,1552700,GEHC
2023-04-05,80.7929458618164,80.7929458618164,81.47020456474958,80.32483957614626,81.17141105515407,1410600,GEHC
2023-04-06,79.83682250976562,79.83682250976562,80.73318790012127,79.7670974341332,80.64355440053973,1356700,GEHC
2023-04-10,80.26507568359375,80.26507568359375,80.3049153244687,79.37866457037103,79.60774060574337,1579200,GEHC
2023-04-11,80.26507568359375,80.26507568359375,80.35969388084244,79.63761843674095,80.26507568359375,1167000,GEHC
2023-04-12,81.42041015625,81.42041015625,81.56980692397018,80.28202061573847,80.67841102237549,1232000,GEHC
2023-04-13,82.6056137084961,82.6056137084961,82.83667300598543,81.05189798449129,81.32081368227306,1252800,GEHC
2023-04-14,82.03791046142578,82.03791046142578,82.94423765048504,81.64948343773824,82.11758214935105,1163600,GEHC
2023-04-17,82.3864974975586,82.3864974975586,82.90439766076612,81.6693991187828,81.83871190303961,861000,GEHC
2023-04-18,83.32270050048828,83.32270050048828,83.82068458399978,82.45620545967,82.45620545967,1522000,GEHC
2023-04-19,85.4042739868164,85.4042739868164,86.52971532833544,83.41233756729882,83.4521772075253,2422900,GEHC
2023-04-20,84.65730285644531,84.65730285644531,85.97198066744707,84.33859331434292,85.02581385144663,1634900,GEHC
2023-04-21,86.13134002685547,86.13134002685547,86.16619496529611,84.74693712965893,84.85649424813228,1850600,GEHC
2023-04-24,87.43604278564453,87.43604278564453,87.47588242256263,85.8325334932017,86.25083828289102,2692800,GEHC
2023-04-25,80.06588745117188,80.06588745117188,83.16334933364513,78.46237795193775,83.16334933364513,7291400,GEHC
2023-04-26,79.7969741821289,79.7969741821289,79.94636333184097,77.24729044661841,79.40854719560899,3489500,GEHC
2023-04-27,81.19132995605469,81.19132995605469,81.2112535766728,80.29496459274584,80.49415520711783,1557000,GEHC
2023-04-28,81.01205444335938,81.01205444335938,81.40048905465137,80.68339069324273,80.872619495156,1617600,GEHC
2023-05-01,80.45430755615234,80.45430755615234,81.39947885712253,80.39952900285743,80.75310104660352,1355800,GEHC
2023-05-02,78.14366912841797,78.14366912841797,80.3248420594478,77.57596752154326,80.01608673035116,1879100,GEHC
2023-05-03,79.38862609863281,79.38862609863281,80.09576262472707,77.70543737115091,78.15362763042835,1748900,GEHC
2023-05-04,77.94446563720703,77.94446563720703,79.93640183729876,77.37676412412623,79.2989828611601,1751400,GEHC
2023-05-05,78.67152404785156,78.67152404785156,79.20934777440792,78.18350176951925,78.18350176951925,1077400,GEHC
2023-05-08,79.09980010986328,79.09980010986328,79.16951758651908,78.29306822304116,78.56197631910351,842300,GEHC
2023-05-09,76.06210327148438,76.06210327148438,78.47234478023383,75.81311119168872,78.23331451124787,2499700,GEHC
2023-05-10,75.59400177001953,75.59400177001953,76.45053518707049,74.6677508701219,76.19158127993897,1792900,GEHC
2023-05-11,74.68765258789062,74.68765258789062,75.40475090188741,74.40878270992171,75.40475090188741,1504800,GEHC
2023-05-12,74.61793518066406,74.61793518066406,74.7075762693056,73.97055433561928,74.58805735066164,2577800,GEHC
2023-05-15,74.62789916992188,74.62789916992188,75.25535641420213,74.39882313548873,74.79721194397034,1187900,GEHC
2023-05-16,77.4664077758789,77.4664077758789,77.95443008135345,74.91673153659278,74.96652538895205,2668900,GEHC
2023-05-17,79.97624206542969,79.97624206542969,80.2849897471677,75.89874687076154,77.61579491533175,3716300,GEHC
2023-05-18,79.36871337890625,79.36871337890625,80.8029025117991,78.90060707910847,80.09576595629166,1483500,GEHC
2023-05-19,79.0201187133789,79.0201187133789,80.7620677607189,78.80101207733429,79.76709491416719,1312900,GEHC
2023-05-22,78.79095458984375,78.79095458984375,79.12871240126984,78.42230424931462,79.05996436160252,1357700,GEHC
2023-05-23,76.90787506103516,76.90787506103516,79.48143444802572,76.7783453425686,78.67140241403317,1382400,GEHC
2023-05-24,76.25027465820312,76.25027465820312,76.85804566072352,75.80192248982308,76.6886688505807,1431900,GEHC
2023-05-25,79.56812286376953,79.56812286376953,79.76738884960088,75.33365605201763,76.25029174925797,3127800,GEHC
2023-05-26,78.1433334350586,78.1433334350586,79.90686062261292,78.08355517153394,79.47843199716627,2243100,GEHC
2023-05-30,77.67505645751953,77.67505645751953,78.76107647665853,77.12707126017294,77.96399742405175,1775800,GEHC
2023-05-31,79.2193832397461,79.2193832397461,79.4385803287643,77.45883594462677,78.25292749353392,4501500,GEHC
2023-06-01,79.53821563720703,79.53821563720703,79.80722541705127,78.60164899347451,79.43858266695021,2355500,GEHC
2023-06-02,79.6777114868164,79.6777114868164,80.57442351410232,79.60796764033357,80.00650716373944,2404500,GEHC
2023-06-05,80.19580078125,80.19580078125,80.42894664882817,78.49205187388151,79.61792650264283,1416700,GEHC
2023-06-06,82.62687683105469,82.62687683105469,82.87596303787669,77.51563060361,77.71489652846451,23800600,GEHC
2023-06-07,80.18585205078125,80.18585205078125,81.95934500323867,79.89691107740761,81.19215506667534,3883900,GEHC
2023-06-08,77.46582794189453,77.46582794189453,78.11345374724121,76.4694828879795,77.06728840002661,15048600,GEHC
2023-06-09,76.81819152832031,76.81819152832031,78.21307593147635,76.77833681948631,77.81453644464484,4894700,GEHC
2023-06-12,77.9839096069336,77.9839096069336,78.02376431390266,76.61892200040666,76.96764118450083,5545200,GEHC
2023-06-13,77.50566864013672,77.50566864013672,78.16225650645337,76.41964877497979,78.01380665416457,4122300,GEHC
2023-06-14,78.24296569824219,78.24296569824219,78.51198308467961,77.19680808850923,77.89424649499787,3322600,GEHC
2023-06-15,78.81087493896484,78.81087493896484,78.88061877336406,77.93907320822075,78.37248838053029,3277900,GEHC
2023-06-16,78.36253356933594,78.36253356933594,79.80723073815514,78.20311472508916,79.2094252752475,5390600,GEHC
2023-06-20,78.61161804199219,78.61161804199219,78.87066985730486,77.46581982967595,78.07359085703912,3151100,GEHC
2023-06-21,79.32898712158203,79.32898712158203,79.70759546349049,78.00384652263942,78.50201899428625,2805700,GEHC
2023-06-22,79.91682434082031,79.91682434082031,80.45485150454877,79.28912978389131,79.64781455971028,2229200,GEHC
2023-06-23,79.52825164794922,79.52825164794922,80.05631324221355,78.72121469079116,79.56810635714955,7973000,GEHC
2023-06-26,77.5156478881836,77.5156478881836,80.00651051182048,77.45586201618987,79.7275275127052,2500700,GEHC
2023-06-27,76.78829193115234,76.78829193115234,78.06361203398566,75.91350285577528,77.6650726014734,3250400,GEHC
2023-06-28,76.90787506103516,76.90787506103516,77.30640699059882,76.06097570693913,77.21673958689978,2920500,GEHC
2023-06-29,78.39242553710938,78.39242553710938,78.41234909260626,76.86801889104066,76.9875754270403,1908200,GEHC
2023-06-30,80.94306182861328,80.94306182861328,81.11244624771827,79.02410655793436,79.12971431876663,3429500,GEHC
2023-07-03,80.39508056640625,80.39508056640625,81.1622628725431,79.6079671034035,81.11245018339656,1086900,GEHC
2023-07-05,80.35521697998047,80.35521697998047,80.992877102104,79.64282643012648,80.07624162673996,2655900,GEHC
2023-07-06,78.83081817626953,78.83081817626953,79.97660883110487,78.71125404118273,79.7075990290458,2595900,GEHC
2023-07-07,79.32898712158203,79.32898712158203,79.81520242010414,78.01381210049479,78.6913269659948,2892600,GEHC
2023-07-10,80.36518859863281,80.36518859863281,80.48474512957577,79.70759727241118,79.83711938143567,2263000,GEHC
2023-07-11,80.96298217773438,80.96298217773438,81.14730353689751,79.91681707643995,80.20575798633563,1793100,GEHC
2023-07-12,81.39142608642578,81.39142608642578,82.35788195983855,80.9928865631667,80.9928865631667,2124800,GEHC
2023-07-13,81.10248565673828,81.10248565673828,81.70029114481312,80.60431314975771,81.43128133570767,1476300,GEHC
2023-07-14,81.52095031738281,81.52095031738281,81.85971158147653,80.9331103964831,81.20212021079956,1791900,GEHC
2023-07-17,80.89324951171875,80.89324951171875,82.05897128734071,80.7836509583004,81.44123467730172,2343200,GEHC
2023-07-18,82.1685791015625,82.1685791015625,82.59202119521306,80.45486436570471,80.81155760333974,2842800,GEHC
2023-07-19,81.45120239257812,81.45120239257812,82.63685535530158,81.36153499279683,82.47743650923401,2781700,GEHC
2023-07-20,81.58076477050781,81.58076477050781,82.87150323072133,81.53093380083821,81.97945054935836,3113900,GEHC
2023-07-21,82.35820770263672,82.35820770263672,82.86653232154768,81.75021352817254,81.81002134494419,7717700,GEHC
2023-07-24,80.36479187011719,80.36479187011719,82.40805212311983,80.00597536125525,82.20871299788551,4335700,GEHC
2023-07-25,79.94615936279297,79.94615936279297,82.07911951980452,78.3215237603735,80.57408432719588,4729500,GEHC
2023-07-26,77.1753158569336,77.1753158569336,80.04384783394312,77.03577695633548,79.99600918415223,4148600,GEHC
2023-07-27,76.60718536376953,76.60718536376953,78.61057600921589,75.99919122562063,77.74343495866766,3224700,GEHC
2023-07-28,77.6138687133789,77.6138687133789,78.06238550842708,76.63708883408125,76.98593607515201,2910100,GEHC
2023-07-31,77.74343872070312,77.74343872070312,77.77333882660008,76.01912577241623,77.46436092659879,3916200,GEHC
2023-08-01,77.43445587158203,77.43445587158203,77.77832227601839,76.84639261076211,77.58395639151168,2126700,GEHC
2023-08-02,76.33807373046875,76.33807373046875,77.52416197247284,75.89952616542914,77.06567593375436,3073000,GEHC
2023-08-03,75.76995849609375,75.76995849609375,76.43776057152284,75.43108044362877,76.387921985313,2053300,GEHC
2023-08-04,75.65034484863281,75.65034484863281,76.54239759336507,75.37724404413943,75.73008353092712,1449600,GEHC
2023-08-07,75.34135437011719,75.34135437011719,76.03905638757311,74.9227377222229,75.84967893073099,1668300,GEHC
2023-08-08,73.68682861328125,73.68682861328125,75.22176413415687,73.07883442630131,75.04235588874803,2574900,GEHC
2023-08-09,73.67684936523438,73.67684936523438,74.63369067596874,73.1784940406249,73.55724895407931,3028400,GEHC
2023-08-10,72.06219482421875,72.06219482421875,74.33469426125271,71.88278657370029,74.00577786791884,3681600,GEHC
2023-08-11,71.35450744628906,71.35450744628906,71.90270131218766,70.62691297442183,71.90270131218766,2898300,GEHC
2023-08-14,71.56383514404297,71.56383514404297,71.63360459261699,70.61695536562469,71.26481887626886,2601100,GEHC
2023-08-15,70.3079833984375,70.3079833984375,71.51400259944522,69.95913612612952,71.51400259944522,2476300,GEHC
2023-08-16,70.43755340576172,70.43755340576172,72.04225847033297,70.18837569516744,70.97577817316142,3697400,GEHC
2023-08-17,68.16504669189453,68.16504669189453,70.56712321801581,68.01553856049165,70.46744606088092,3791900,GEHC
2023-08-18,68.13514709472656,68.13514709472656,68.52386367669403,67.67167264435027,67.97566972556068,2929200,GEHC
2023-08-21,68.7431411743164,68.7431411743164,69.27139665151776,68.37435546178929,69.1019576502078,2807800,GEHC
2023-08-22,68.7032699584961,68.7032699584961,69.17172521170701,68.44412304313062,68.9225475327054,2168400,GEHC
2023-08-23,68.76306915283203,68.76306915283203,69.30129384404484,68.58366092242777,68.73316904848119,2079500,GEHC
2023-08-24,68.20491027832031,68.20491027832031,69.56043737453273,68.01553282090424,69.41092925574628,2623200,GEHC
2023-08-25,68.3643798828125,68.3643798828125,68.66339611974797,67.38760770351435,68.18497926580976,3096600,GEHC
2023-08-28,69.08202362060547,69.08202362060547,69.43087848660055,68.53383723917031,68.83284591878041,2438700,GEHC
2023-08-29,70.2481689453125,70.2481689453125,70.26809981213374,69.10195019347469,69.10195019347469,2044300,GEHC
2023-08-30,70.1584701538086,70.1584701538086,70.75649509206632,69.99900038561304,70.26810894632413,1889200,GEHC
2023-08-31,70.21826171875,70.21826171875,70.89602525978667,69.63120225290194,70.27806952822002,3573300,GEHC
2023-09-01,69.02222442626953,69.02222442626953,70.78639923538829,68.87271628210351,70.43755196853431,2097300,GEHC
2023-09-05,67.43746185302734,67.43746185302734,68.93252817440548,67.18828413279766,68.90262046036547,3773500,GEHC
2023-09-06,66.75968933105469,66.75968933105469,67.97567005753532,65.84270966247156,67.2879448114724,3140100,GEHC
2023-09-07,65.68323516845703,65.68323516845703,67.94576506050244,65.61346572520362,67.86602638127026,2836900,GEHC
2023-09-08,64.68653106689453,64.68653106689453,65.7729421657548,64.50712282253323,65.70317271540873,3103100,GEHC
2023-09-11,66.40087127685547,66.40087127685547,67.12846584813403,64.98553626723947,65.10514429185893,3630500,GEHC
2023-09-12,65.18488311767578,65.18488311767578,66.40087142225535,65.00547488250339,66.16165537249259,2381800,GEHC
2023-09-13,64.3177490234375,64.3177490234375,65.72311495210964,63.99880186012399,64.90581237085001,3612800,GEHC
2023-09-14,65.78290557861328,65.78290557861328,65.84270578667267,64.3576089869047,64.64665599969025,3945100,GEHC
2023-09-15,66.21150207519531,66.21150207519531,66.28127153052912,65.3642993734847,65.78291610548754,6711100,GEHC
2023-09-18,66.0619888305664,66.0619888305664,66.76965256701772,65.65334136779299,65.65334136779299,3205300,GEHC
2023-09-19,65.90251922607422,65.90251922607422,66.5304442772101,65.13504767038619,66.28126658328796,3160400,GEHC
2023-09-20,64.79615783691406,64.79615783691406,66.58027071246327,64.68651906324412,66.20151582004043,1796400,GEHC
2023-09-21,63.67984390258789,63.67984390258789,64.67655456953001,63.58017435675346,64.40744603534715,2172500,GEHC
2023-09-22,64.11840057373047,64.11840057373047,64.59183663107105,63.52635265910983,63.62004522825636,2277800,GEHC
2023-09-25,66.26133728027344,66.26133728027344,66.8194928944795,63.789491152232465,63.789491152232465,3214500,GEHC
2023-09-26,65.9922103881836,65.9922103881836,67.18327929567658,65.90251008088308,65.97227952132748,3619900,GEHC
2023-09-27,68.05542755126953,68.05542755126953,68.18600101475133,65.93243580616215,66.15171344828906,5470000,GEHC
2023-09-28,69.55046844482422,69.55046844482422,70.34784001232778,67.78629392741854,68.51388844878912,4817700,GEHC
2023-09-29,67.81620025634766,67.81620025634766,69.96909151937639,67.706561465643,69.84949109628008,3146200,GEHC
2023-10-02,67.61685180664062,67.61685180664062,68.43416189972933,67.34774325728897,67.77632917240408,1942100,GEHC
2023-10-03,66.75968933105469,66.75968933105469,67.30787568056573,66.18159527145436,67.12846744152768,2726100,GEHC
2023-10-04,67.65672302246094,67.65672302246094,67.84610049847677,66.25136481815792,66.91915919611964,2084400,GEHC
2023-10-05,67.37763977050781,67.37763977050781,68.45408911912945,66.40784071444766,68.11520353709719,1894300,GEHC
2023-10-06,68.23480987548828,68.23480987548828,68.76306530089283,66.43076604058624,66.78958248129474,2319800,GEHC
2023-10-09,67.57698059082031,67.57698059082031,67.85605833746222,66.95901729161449,67.59691145659548,1600300,GEHC
2023-10-10,67.96571350097656,67.96571350097656,68.40426109247724,67.38761939820282,67.77633601109893,2209000,GEHC
2023-10-11,67.55706024169922,67.55706024169922,68.08531577586606,66.81949634140778,68.08531577586606,2032900,GEHC
2023-10-12,66.2912368774414,66.2912368774414,67.68663350651867,65.952351254067,67.49725602274181,2252100,GEHC
2023-10-13,66.89922332763672,66.89922332763672,67.41750953339664,65.84270483988543,65.91247428305117,1984200,GEHC
2023-10-16,66.6600112915039,66.6600112915039,67.46735215865259,66.11182494923939,67.40754434356414,1951500,GEHC
2023-10-17,66.58029174804688,66.58029174804688,67.18828601074512,65.85268943874708,66.15170575310059,1596000,GEHC
2023-10-18,65.01544952392578,65.01544952392578,66.26133803722553,64.8759030144802,66.08192978713836,1917700,GEHC
2023-10-19,65.26473236083984,65.26473236083984,66.48128021204988,64.65645843523482,65.04536148952857,1669200,GEHC
2023-10-20,63.86869812011719,63.86869812011719,65.34450445637718,63.67923351443318,65.34450445637718,2575000,GEHC
2023-10-23,63.80887222290039,63.80887222290039,64.35731463764874,63.18065442947621,63.76898453356248,2412500,GEHC
2023-10-24,64.4869384765625,64.4869384765625,64.87583390501842,63.77894916814792,63.83877689320323,2511200,GEHC
2023-10-25,64.32740020751953,64.32740020751953,64.8060372597723,63.79889783818328,64.0182725198159,3179600,GEHC
2023-10-26,63.72909164428711,63.72909164428711,64.55674020907051,63.40002774384764,63.938500094274886,3484900,GEHC
2023-10-27,62.92138671875,62.92138671875,64.13793458660282,62.54246509097562,64.01827152150629,2606400,GEHC
2023-10-30,62.991188049316406,62.991188049316406,63.48977274042918,62.1735094602034,63.360143459547366,4484200,GEHC
2023-10-31,66.3815689086914,66.3815689086914,67.50836763016156,65.58383031847247,66.50123197956395,7555100,GEHC
2023-11-01,68.08673095703125,68.08673095703125,68.25624794295827,65.81318575721183,66.56106286808924,4523300,GEHC
2023-11-02,69.05398559570312,69.05398559570312,69.56254415410076,68.08672999538184,69.40299338762335,3115900,GEHC
2023-11-03,71.3674087524414,71.3674087524414,71.69647645771397,69.43289781480078,69.7420254808742,4022800,GEHC
2023-11-06,70.88876342773438,70.88876342773438,71.75630347641857,70.55970333350079,71.4671234601905,2350100,GEHC
2023-11-07,70.49986267089844,70.49986267089844,71.25771342827629,70.4799226334032,71.0483087994872,1912900,GEHC
2023-11-08,69.7918930053711,69.7918930053711,70.95858713289968,69.32821282745311,70.95858713289968,2062100,GEHC
2023-11-09,68.11663055419922,68.11663055419922,69.94145214832294,67.85737202102369,69.93147832541686,1981500,GEHC
2023-11-10,69.32321166992188,69.32321166992188,69.37307318183974,68.19641301388458,68.35596376578292,2773300,GEHC
2023-11-13,69.81182861328125,69.81182861328125,70.35030097745079,69.1536931878079,69.37307166296569,1993200,GEHC
2023-11-14,72.0055923461914,72.0055923461914,72.16514308173798,70.47992457456681,70.79901843786217,2634400,GEHC
2023-11-15,71.31754302978516,71.31754302978516,72.42440153100839,71.27267223838908,71.79618762806999,2780100,GEHC
2023-11-16,71.71641540527344,71.71641540527344,72.45432617697941,71.29760611828235,71.79619077645215,2946600,GEHC
2023-11-17,72.79336547851562,72.79336547851562,73.17129048632381,71.82112684471163,72.324694647913,2920000,GEHC
2023-11-20,73.12242126464844,73.12242126464844,73.28196438496366,72.56400132405155,72.88309517247943,1787600,GEHC
2023-11-21,73.17227935791016,73.17227935791016,73.48140700940817,72.38451471021826,73.29194241085757,1469300,GEHC
2023-11-22,73.39166259765625,73.39166259765625,73.97002264620646,72.9828271204386,73.5412395216328,1123300,GEHC
2023-11-24,73.50135040283203,73.50135040283203,73.63097967692725,73.18325314310614,73.61103963775808,558900,GEHC
2023-11-27,70.93862915039062,70.93862915039062,71.31256766823755,70.35030286738812,71.05829221490914,4253600,GEHC
2023-11-28,67.93714141845703,67.93714141845703,70.58463229069729,67.91221827228779,70.49986620564914,5167900,GEHC
2023-11-29,67.51834106445312,67.51834106445312,68.64813725220954,67.2690487074254,68.10667498309402,3762900,GEHC
2023-11-30,68.26620483398438,68.26620483398438,68.4855832826711,66.20206482430089,67.51832790862373,3324600,GEHC
2023-12-01,69.2135238647461,69.2135238647461,69.47278240176034,67.965061405105,68.15651924718789,1898700,GEHC
2023-12-04,69.17365264892578,69.17365264892578,69.56753126364609,68.57534484802447,68.69500792976467,1478700,GEHC
2023-12-05,67.73771667480469,67.73771667480469,68.85454912559442,67.52831201674385,68.71494602022054,1896200,GEHC
2023-12-06,67.85737609863281,67.85737609863281,68.48559003910499,67.6728945988749,68.19641001983418,1579700,GEHC
2023-12-07,67.1992416381836,67.1992416381836,68.0966955714086,66.81034620175248,67.90723096111711,2089200,GEHC
2023-12-08,68.3260269165039,68.3260269165039,68.43571613179772,66.8601946542806,66.98982390517472,1893700,GEHC
2023-12-11,70.92864990234375,70.92864990234375,71.10814068149621,68.89442360788193,68.96423276269493,3051300,GEHC
2023-12-12,71.8460693359375,71.8460693359375,72.19008644116657,71.0383568247129,71.09819217119616,2407200,GEHC
2023-12-13,73.97002410888672,73.97002410888672,74.05976570036817,72.31471930433143,72.40446850361141,2628600,GEHC
2023-12-14,75.70509338378906,75.70509338378906,76.08402259655851,74.12956402325912,74.12956402325912,4271300,GEHC
2023-12-15,74.79767608642578,74.79767608642578,76.37319789883118,74.27416064902783,76.1637932454317,5699300,GEHC
2023-12-18,74.84751892089844,74.84751892089844,75.30123274006456,74.33896809833601,74.78769120243166,1945800,GEHC
2023-12-19,75.47574615478516,75.47574615478516,75.62531546236426,74.7876969087295,74.92730000100197,2441800,GEHC
2023-12-20,75.22645568847656,75.22645568847656,76.37319431647558,74.668035697806,75.14668031726674,2162200,GEHC
2023-12-21,76.97150421142578,76.97150421142578,77.39031351065212,75.86464562932876,75.86464562932876,2992100,GEHC
2023-12-22,77.36039733886719,77.36039733886719,77.49002661110252,76.77206348654164,77.08119114771532,2197800,GEHC
2023-12-26,77.91880798339844,77.91880798339844,78.1032818681957,77.3603956135486,77.48005105977474,1413900,GEHC
2023-12-27,77.45013427734375,77.45013427734375,78.06838195478865,77.16095428020651,77.85897732399224,1365000,GEHC
2023-12-28,77.32051086425781,77.32051086425781,77.74430326539408,77.03133084523635,77.60969088327928,1569500,GEHC
2023-12-29,77.10113525390625,77.10113525390625,77.42022914745554,76.64243825741657,76.94159211103087,1786900,GEHC
2024-01-02,76.1538314819336,76.1538314819336,77.19088859354501,75.49071290349846,76.36323614757643,2003100,GEHC
2024-01-03,75.89456176757812,75.89456176757812,76.46294800722366,75.221469396088,76.02419104756795,2692400,GEHC
2024-01-04,76.35325622558594,76.35325622558594,76.73217783680285,75.63529308197636,75.7848700048614,2395900,GEHC
2024-01-05,76.40312194824219,76.40312194824219,77.2307667659475,75.37603107862941,75.78487418320324,2377700,GEHC
2024-01-08,77.14102172851562,77.14102172851562,77.2307633185096,76.09399086512886,76.78204015294293,1880600,GEHC
2024-01-09,76.44300842285156,76.44300842285156,77.44017780416004,74.18940349091078,76.7920161847498,3507200,GEHC
2024-01-10,75.95438385009766,75.95438385009766,76.39314077714161,74.66803453855351,76.1239008054381,3020600,GEHC
2024-01-11,76.03416442871094,76.03416442871094,76.1089490883083,74.56832423821459,75.98430291711368,2305500,GEHC
2024-01-12,75.98428344726562,75.98428344726562,76.28355504327183,75.21616418001251,76.09401585841505,1888300,GEHC
2024-01-16,74.7872085571289,74.7872085571289,75.71494132555479,74.35825668332355,75.71494132555479,2831600,GEHC
2024-01-17,72.57262420654297,72.57262420654297,74.05898922421854,71.84440071111676,74.05898922421854,3766900,GEHC
2024-01-18,73.34074401855469,73.34074401855469,73.58016434283259,72.24342750338964,72.57262474117704,2421500,GEHC
2024-01-19,73.92930603027344,73.92930603027344,73.9392837793525,73.02152113389393,73.26592651617901,3704600,GEHC
2024-01-22,74.45801544189453,74.45801544189453,75.26603810023923,73.98916015739574,74.0988925691207,2414900,GEHC
2024-01-23,73.4903793334961,73.4903793334961,74.5478000650955,72.50778030678707,74.44803779190833,2850400,GEHC
2024-01-24,71.37554931640625,71.37554931640625,73.52030108220961,71.1361290063729,73.46044981009751,3594400,GEHC
2024-01-25,72.69233703613281,72.69233703613281,72.92177200680631,71.2458677416542,72.15365270689179,2126500,GEHC
2024-01-26,72.97164916992188,72.97164916992188,73.11130721684364,72.29330682310494,72.82201337370776,2334500,GEHC
2024-01-29,74.19865417480469,74.19865417480469,74.23855756560177,72.32324047210342,72.7322445196783,2160100,GEHC
2024-01-30,73.819580078125,73.819580078125,74.33830891370873,72.94172835221664,73.55024171577817,1673900,GEHC
2024-01-31,73.18113708496094,73.18113708496094,74.28843133461591,72.77213307797449,73.74974702850326,3129600,GEHC
2024-02-01,74.16871643066406,74.16871643066406,74.94681339724397,72.81203180813775,73.18113240468129,2593600,GEHC
2024-02-02,73.72980499267578,73.72980499267578,74.17870481133734,72.34318692509979,73.8495075518957,2446600,GEHC
2024-02-05,73.23102569580078,73.23102569580078,73.39063164864743,72.4329730991867,73.04148649167637,3365700,GEHC
2024-02-06,81.76016998291016,81.76016998291016,82.90736765600381,76.37333436070872,76.5628735515344,12511200,GEHC
2024-02-07,81.6304931640625,81.6304931640625,82.30684154143499,79.97453673536897,81.83998025248877,4278100,GEHC
2024-02-08,81.85991668701172,81.85991668701172,81.93972345547121,80.23987581908727,81.33121016485418,2483800,GEHC
2024-02-09,81.14167785644531,81.14167785644531,82.54824372905762,80.41346196232972,82.08936618778641,2755000,GEHC
2024-02-12,82.96721649169922,82.96721649169922,83.1068745405797,81.19155763239644,81.4210002045817,2304300,GEHC
2024-02-13,82.10931396484375,82.10931396484375,82.51532693751052,80.96212391861793,82.14921735239491,2529800,GEHC
2024-02-14,82.96721649169922,82.96721649169922,83.23656245082074,82.13923833705579,82.39860654674503,2214800,GEHC
2024-02-15,85.42121887207031,85.42121887207031,85.53095128494304,83.72038169412903,83.73534451308504,2346100,GEHC
2024-02-16,85.81026458740234,85.81026458740234,87.07717236350011,83.28643439524238,83.30638989372808,13131800,GEHC
2024-02-20,86.17936706542969,86.17936706542969,86.59834121317905,85.37134440751406,85.72048953063855,6372600,GEHC
2024-02-21,84.77281188964844,84.77281188964844,85.00224685994608,81.85992541658443,82.79763601900041,5838000,GEHC
2024-02-22,87.42631530761719,87.42631530761719,87.88519282108591,84.79773784067645,85.24165253604887,4154900,GEHC
2024-02-23,88.85282897949219,88.85282897949219,89.51122341887884,87.02230399477449,87.18690260462115,3815600,GEHC
2024-02-26,90.39905548095703,90.39905548095703,90.48883239218499,88.57351551139435,88.72315130756702,3805100,GEHC
2024-02-27,92.29442596435547,92.29442596435547,92.35428485520289,89.270817534988,89.7905510120484,3993400,GEHC
2024-02-28,92.79319763183594,92.79319763183594,93.72991116913434,91.77568791887546,92.02507837517676,3431900,GEHC
2024-02-29,91.05744934082031,91.05744934082031,93.11242442673594,88.65332911081126,93.08249878735555,6144000,GEHC
2024-03-01,92.49392700195312,92.49392700195312,92.8330943449618,90.35415277865879,90.82800070020353,2696200,GEHC
2024-03-04,92.50392150878906,92.50392150878906,93.27204084938779,92.19966481442081,92.71340860167963,2615200,GEHC
2024-03-05,91.58613586425781,91.58613586425781,93.27201754735859,91.29684206231326,92.49392065078644,2804900,GEHC
2024-03-06,92.87300872802734,92.87300872802734,93.85062271098879,91.22703011765384,91.33676253239827,2521200,GEHC
2024-03-07,92.43408966064453,92.43408966064453,93.32191914617609,91.7657174008858,92.9727663912063,3014400,GEHC
2024-03-08,93.64112854003906,93.64112854003906,94.26958973169842,92.26448839051022,92.57373772264096,2853900,GEHC
2024-03-11,92.77323913574219,92.77323913574219,93.83065211409402,91.90535770716791,93.58126168630977,2123200,GEHC
2024-03-12,91.59613800048828,91.59613800048828,92.27448043133417,91.47642782652947,91.96523866209935,3042200,GEHC
2024-03-13,88.2642822265625,88.2642822265625,89.14711904795378,86.33898741225079,87.34651947391927,14434500,GEHC
2024-03-14,88.11463928222656,88.11463928222656,88.8229072763638,87.54602933702947,87.88519670994327,4859000,GEHC
2024-03-15,89.19200897216797,89.19200897216797,89.51122846084749,87.7156140802796,88.03483356895912,7314600,GEHC
2024-03-18,90.38907623291016,90.38907623291016,90.73822134432868,89.27579993170349,89.68080826094896,2843900,GEHC
2024-03-19,90.55866241455078,90.55866241455078,90.77812723658586,90.13968826927989,90.37910097932142,2996500,GEHC
2024-03-20,90.66839599609375,90.66839599609375,90.88786082096212,89.93020235763983,90.25939959494237,2016900,GEHC
2024-03-21,90.9776382446289,90.9776382446289,91.95525221249149,90.89783908033249,91.02751938175803,2754900,GEHC
2024-03-22,89.51122283935547,89.51122283935547,91.67593009885262,89.15209998579556,91.23700047543662,6178000,GEHC
2024-03-25,88.06476593017578,88.06476593017578,89.88032833767407,88.03484029001379,89.5910344647856,2436000,GEHC
2024-03-26,88.85282897949219,88.85282897949219,89.12516596826285,87.4861665773303,88.26427117227611,2845200,GEHC
2024-03-27,90.08980560302734,90.08980560302734,90.46888396584723,89.49625510191112,89.740660487898,2629100,GEHC
2024-03-28,90.68834686279297,90.68834686279297,90.92775956369611,89.4314168641645,89.98007128751723,2108000,GEHC
2024-04-01,89.31170654296875,89.31170654296875,91.23700111723338,88.97253918488326,91.08736532539874,1958200,GEHC
2024-04-02,87.89517974853516,87.89517974853516,89.02242195732542,87.6457892731644,88.63337342461048,3010700,GEHC
2024-04-03,88.81291961669922,88.81291961669922,89.83043684348625,87.89516465155987,88.03482268491621,4403900,GEHC
2024-04-04,87.74554443359375,87.74554443359375,90.61851998610287,87.65576751513723,89.9302074455561,2728200,GEHC
2024-04-05,88.2542953491211,88.2542953491211,89.28178280501625,87.63580428142444,87.74553669038342,1592500,GEHC
2024-04-08,87.49614715576172,87.49614715576172,88.62838196331293,87.40637024428354,88.51366448393767,1692400,GEHC
2024-04-09,86.72802734375,86.72802734375,88.02485314742373,86.23921657061526,87.91512073800921,4172700,GEHC
2024-04-10,85.18180847167969,85.18180847167969,86.48861210128632,85.03217266726223,85.17183072184035,2926100,GEHC
2024-04-11,87.99491882324219,87.99491882324219,88.70318673449019,85.40125986115847,86.26914130153997,3071000,GEHC
2024-04-12,86.06963348388672,86.06963348388672,87.31658577152021,85.84518359427125,86.85770824296621,2227900,GEHC
2024-04-15,85.91999816894531,85.91999816894531,87.69566462955706,85.31148484030496,87.38641528515099,1983600,GEHC
2024-04-16,85.67060089111328,85.67060089111328,86.22924064997969,85.14189437800131,85.62072736977363,1868200,GEHC
2024-04-17,84.98229217529297,84.98229217529297,86.03970524781248,84.95236653902053,85.86014381938533,1711600,GEHC
2024-04-18,84.79268646240234,84.79268646240234,85.94527499894947,84.44341836245982,85.1619094765672,1815300,GEHC
2024-04-19,84.31369018554688,84.31369018554688,85.43135579058736,83.92450461870156,84.82262808583462,2022700,GEHC
2024-04-22,84.13406372070312,84.13406372070312,84.90246118720073,84.00433773897738,84.63302034599677,2113700,GEHC
2024-04-23,86.0600357055664,86.0600357055664,86.46918378852769,84.61306455262405,84.8126441552803,1951300,GEHC
2024-04-24,86.53903198242188,86.53903198242188,87.09786092558444,85.62095368623383,85.93030433498835,2020300,GEHC
2024-04-25,85.77064514160156,85.77064514160156,86.49413837531954,84.56317096148655,85.82054385202152,1362900,GEHC
2024-04-26,86.0600357055664,86.0600357055664,86.7186620985849,84.98229519235932,85.18187479501556,1790600,GEHC
2024-04-29,88.7544174194336,88.7544174194336,88.99391449607025,86.11992673600605,86.11992673600605,4353000,GEHC
2024-04-30,76.0809097290039,76.0809097290039,82.12826965270781,75.92124755608874,80.87089673205016,14433600,GEHC
2024-05-01,78.09668731689453,78.09668731689453,78.96486690774024,76.34035799465669,76.36031290825645,5303300,GEHC
2024-05-02,77.66758728027344,77.66758728027344,79.20437454359708,77.02892343233032,79.02474986052098,2995700,GEHC
2024-05-03,79.30416107177734,79.30416107177734,79.89292618934535,78.33618407586884,78.33618407586884,2722700,GEHC
2024-05-06,79.63347625732422,79.63347625732422,79.83305585156373,78.48587455676329,79.43388904961121,2389700,GEHC
2024-05-07,81.26007843017578,81.26007843017578,81.50955674936293,79.50374893132553,79.83306213988635,3225500,GEHC
2024-05-08,80.94074249267578,80.94074249267578,81.40476848900205,80.08253650793651,80.8409526926192,2748400,GEHC
2024-05-09,82.55735778808594,82.55735778808594,82.58729396426295,80.99063445587994,81.32992127051685,1952700,GEHC
2024-05-10,83.22595977783203,83.22595977783203,83.30478968007604,82.53739725523708,82.99643639914262,1856300,GEHC
2024-05-13,80.86091613769531,80.86091613769531,83.82471995423305,80.41185818333031,83.71494887854836,1885300,GEHC
2024-05-14,80.35196685791016,80.35196685791016,81.51953107861559,80.13243235102064,80.83096853992693,2500700,GEHC
2024-05-15,81.73907470703125,81.73907470703125,82.06838028017779,79.97276406132222,81.0205759774868,1956200,GEHC
2024-05-16,81.14032745361328,81.14032745361328,81.79395944266318,80.73118696230787,81.32993341567938,1627100,GEHC
2024-05-17,81.68917083740234,81.68917083740234,81.70912575041783,80.25217346914877,80.83096492174792,1321000,GEHC
2024-05-20,81.57941436767578,81.57941436767578,82.4974927999925,81.29999985466412,81.79895651746335,1248500,GEHC
2024-05-21,81.76901245117188,81.76901245117188,81.82888480862269,80.93076137949184,81.57940650127932,1150200,GEHC
2024-05-22,80.45177459716797,80.45177459716797,81.7191211636064,80.20229626717442,81.39978920575365,1633600,GEHC
2024-05-23,79.16445922851562,79.16445922851562,80.81101759870964,79.06466942711953,80.81101759870964,2034900,GEHC
2024-05-24,79.6833724975586,79.6833724975586,80.09252058970054,78.74533920785755,79.67339123315968,1433900,GEHC
2024-05-28,78.5856704711914,78.5856704711914,79.55364756689717,78.33619215223524,79.20437944305336,1854800,GEHC
2024-05-29,78.28630065917969,78.28630065917969,78.75532116020561,77.74743414042096,77.90709632026342,2397000,GEHC
2024-05-30,78.40604400634766,78.40604400634766,78.76529338660947,76.77944814433782,77.8372337565121,2750100,GEHC
2024-05-31,77.83723449707031,77.83723449707031,78.56571452883041,76.7495126951044,78.56571452883041,7002100,GEHC
2024-06-03,76.98900604248047,76.98900604248047,78.63556436955169,76.09088262648947,77.89710310891819,3059500,GEHC
2024-06-04,77.35823059082031,77.35823059082031,77.65760760656876,76.09088413289595,76.8892177659093,1967200,GEHC
2024-06-05,76.79940032958984,76.79940032958984,77.61768886366094,76.46011348999937,77.29835693849842,2637500,GEHC
2024-06-06,76.83931732177734,76.83931732177734,76.98900582626774,75.60190707070575,76.49004922028217,2474900,GEHC
2024-06-07,76.18069458007812,76.18069458007812,76.8692571654838,75.75159918740383,76.55990649133294,2357000,GEHC
2024-06-10,75.62186431884766,75.62186431884766,75.85138771461291,75.06303533920888,75.81147027128532,2115500,GEHC
2024-06-11,74.58403015136719,74.58403015136719,75.39234501744197,74.35451437978895,75.39234501744197,2655600,GEHC
2024-06-12,75.81147003173828,75.81147003173828,76.07092960581096,74.85347423532434,75.04307257368909,3081600,GEHC
2024-06-13,76.82933807373047,76.82933807373047,77.16863253370931,74.98320010583969,75.0131362848285,2530200,GEHC
2024-06-14,76.33037567138672,76.33037567138672,76.45012799174262,74.95325824792332,76.04097994063153,2576800,GEHC
2024-06-17,77.38817596435547,77.38817596435547,77.69752663706869,75.80148993002787,76.10086695189312,2190500,GEHC
2024-06-18,78.1066665649414,78.1066665649414,78.55573209459072,77.00896351492177,77.14867076055296,2032500,GEHC
2024-06-20,79.27423858642578,79.27423858642578,79.93285743531267,77.68755240840234,77.83724093289129,3408100,GEHC
2024-06-21,79.0047836303711,79.0047836303711,79.93284318052797,78.326202372047,79.66340997527679,5115500,GEHC
2024-06-24,78.68545532226562,78.68545532226562,79.47380767415156,78.4958569889579,79.16445701443347,2270100,GEHC
2024-06-25,78.64553833007812,78.64553833007812,79.11455876102674,78.20646169100863,78.81518936349849,1798500,GEHC
2024-06-26,77.83723449707031,77.83723449707031,79.12454351967719,77.8023038784054,78.69544051214157,2426200,GEHC
2024-06-27,78.65552520751953,78.65552520751953,78.93493971054326,77.7274655433483,77.84721787899028,2192600,GEHC
2024-06-28,77.75740051269531,77.75740051269531,79.48179909709812,77.06884553053337,79.04470955026636,9422500,GEHC
2024-07-01,76.1008529663086,76.1008529663086,78.18648763133011,76.06093552983087,78.18648763133011,3081400,GEHC
2024-07-02,76.17071533203125,76.17071533203125,76.54991960194754,75.52207023828825,76.10086171353421,2171300,GEHC
2024-07-03,77.07881927490234,77.07881927490234,77.18859034429532,76.15075962406343,76.21063959776129,1346700,GEHC
2024-07-05,76.89920043945312,76.89920043945312,77.08880641257265,76.39027011182917,77.03890769960182,1689500,GEHC
2024-07-08,76.19068145751953,76.19068145751953,77.47799057080218,76.15076401057962,76.83932664671266,1662000,GEHC
2024-07-09,76.7095947265625,76.7095947265625,76.83932070898679,75.5819478747034,76.19067556991745,2152500,GEHC
2024-07-10,78.974853515625,78.974853515625,79.0546884023732,76.76946616015425,76.76946616015425,2475300,GEHC
2024-07-11,79.773193359375,79.773193359375,80.55156453201205,79.02475836822792,79.02475836822792,2540600,GEHC
2024-07-12,80.11247253417969,80.11247253417969,81.15529002771319,79.77318569193812,80.12245379820847,2579000,GEHC
2024-07-15,80.02266693115234,80.02266693115234,80.46174358935266,79.68337246300202,80.08253929057193,2483200,GEHC
2024-07-16,82.46754455566406,82.46754455566406,82.78687646860719,80.02266031095638,80.28211225595975,3524300,GEHC
2024-07-17,82.29791259765625,82.29791259765625,83.44551443666525,81.78897467343107,82.4176573232567,2567800,GEHC
2024-07-18,80.81101989746094,80.81101989746094,83.33074481165231,80.72120374421786,81.77898937335917,3233900,GEHC
2024-07-19,80.30188751220703,80.30188751220703,81.24526464907522,79.7727987371575,81.09053200161298,2428200,GEHC
2024-07-22,81.09053039550781,81.09053039550781,81.24026675054107,79.9624657456255,80.94078642417979,2439400,GEHC
2024-07-23,80.68122863769531,80.68122863769531,81.07055838334739,80.36177839469119,80.74112317816653,1529000,GEHC
2024-07-24,79.55318450927734,79.55318450927734,81.35008956090421,79.49328234281606,80.86093296319585,2517000,GEHC
2024-07-25,79.78278350830078,79.78278350830078,80.92082563277192,79.59311489841934,80.27194771093683,2512400,GEHC
2024-07-26,80.36178588867188,80.36178588867188,81.54774969139987,79.86264436141305,80.60137168919344,2532900,GEHC
2024-07-29,81.90911865234375,81.90911865234375,82.31741296459221,80.38173934939239,80.54146827635245,2790400,GEHC
2024-07-30,82.50809478759766,82.50809478759766,83.93563983959373,80.86092624817215,82.39828304388294,5269100,GEHC
2024-07-31,84.48469543457031,84.48469543457031,88.09848297377455,79.86264745497976,79.96247424103937,8043400,GEHC
2024-08-01,83.25680541992188,83.25680541992188,84.85405672921276,82.07883115126454,83.95560048764445,3561600,GEHC
2024-08-02,83.29673767089844,83.29673767089844,83.38657948692524,80.65627481645043,82.65783714705778,2986200,GEHC
2024-08-05,81.38003540039062,81.38003540039062,82.2285821330104,79.60309269140006,81.82926736759444,3589100,GEHC
2024-08-06,81.40998840332031,81.40998840332031,82.78761631494734,81.03063595763939,81.96902449216105,2686700,GEHC
2024-08-07,79.20378112792969,79.20378112792969,82.5180884834616,78.64474500352478,82.08882642613754,2401200,GEHC
2024-08-08,82.17866516113281,82.17866516113281,82.25852963769857,79.54319836482821,79.7827841782298,1632600,GEHC
2024-08-09,83.25680541992188,83.25680541992188,83.32668492669413,81.17538623646071,82.1786579300399,1584300,GEHC
2024-08-12,82.22858428955078,82.22858428955078,83.05715350037167,81.56971376689046,83.05715350037167,1564400,GEHC
2024-08-13,84.02547454833984,84.02547454833984,84.34492478949298,82.37830614827432,83.04716151693721,1766200,GEHC
2024-08-14,83.3266830444336,83.3266830444336,84.08538025531924,82.60791806741507,84.04544802145212,1904600,GEHC
2024-08-15,85.15354919433594,85.15354919433594,85.79244975190925,83.82583087900889,83.82583087900889,2319400,GEHC
2024-08-16,84.65440368652344,84.65440368652344,85.00380122250974,84.01550315892135,84.78417773809119,1341700,GEHC
2024-08-19,85.44303894042969,85.44303894042969,85.46300886570118,84.00551658897393,84.55456767322126,1439000,GEHC
2024-08-20,83.79588317871094,83.79588317871094,85.55285589494292,83.69604877885845,85.01378974047552,1464200,GEHC
2024-08-21,84.33495330810547,84.33495330810547,84.49467463164139,83.39656482733614,84.49467463164139,984300,GEHC
2024-08-22,84.22515106201172,84.22515106201172,84.63444318795788,83.80586635583067,84.63444318795788,944800,GEHC
2024-08-23,84.63443756103516,84.63443756103516,85.42308210126942,83.8058607839959,84.854061055315,1511800,GEHC
2024-08-26,84.34493255615234,84.34493255615234,85.27333609503903,84.02548228558355,84.49467653654604,1475100,GEHC
2024-08-27,84.26507568359375,84.26507568359375,84.55457106498875,83.88572325116749,84.38486477484817,1208100,GEHC
2024-08-28,83.78589630126953,83.78589630126953,84.27505286093067,83.18692799731578,84.27505286093067,1131300,GEHC
2024-08-29,83.9356460571289,83.9356460571289,84.85406469414278,83.53633128825027,84.10535235860621,1264700,GEHC
2024-08-30,84.67437744140625,84.67437744140625,84.73427199387275,83.44648580177038,84.30500992983863,1838600,GEHC
2024-09-03,84.65440368652344,84.65440368652344,85.42008506173377,84.1852094455011,84.41481027645136,1963900,GEHC
2024-09-04,87.3996810913086,87.3996810913086,87.56938737610614,84.06541185762445,84.06541185762445,2008000,GEHC
2024-09-05,87.14012908935547,87.14012908935547,88.34805067617027,86.53117581437428,87.24994083509274,2321000,GEHC
2024-09-06,84.94390869140625,84.94390869140625,87.59934549852254,84.86405182862441,87.08024161710891,2696500,GEHC
2024-09-09,84.97386169433594,84.97386169433594,86.31155741582023,84.57454692411969,85.21344750994737,1659600,GEHC
2024-09-10,85.40311431884766,85.40311431884766,85.58280556480885,84.69432668134327,85.06369413590099,1558900,GEHC
2024-09-11,87.04029846191406,87.04029846191406,87.25992194368715,82.99724920711492,85.11361193948878,2630300,GEHC
2024-09-12,87.3098373413086,87.3098373413086,87.3198223046803,85.89227719434557,86.87059034849929,1393200,GEHC
2024-09-13,86.76078033447266,86.76078033447266,87.00036612508204,85.56283614883581,86.4612923839897,10515100,GEHC
2024-09-16,86.49124908447266,86.49124908447266,87.10020239822235,85.70760079414298,87.00037560927724,4680200,GEHC
2024-09-17,86.64098358154297,86.64098358154297,88.03858132250703,86.20173661876413,86.49123960638701,3144200,GEHC
2024-09-18,88.37799072265625,88.37799072265625,89.5360026316333,86.84563031365202,87.26989600903998,3508400,GEHC
2024-09-19,90.46440124511719,90.46440124511719,90.63410751415594,88.61757174410323,89.51602789827056,3128100,GEHC
2024-09-20,90.12499237060547,90.12499237060547,90.97353143829493,89.44117091982027,90.19487187932589,9492300,GEHC
2024-09-23,90.72396087646484,90.72396087646484,91.456701793119,90.17490976853422,90.34461605918759,2908800,GEHC
2024-09-24,92.05168151855469,92.05168151855469,92.18145557656064,89.64582326601075,90.84375991062166,3537800,GEHC
2024-09-25,92.85031127929688,92.85031127929688,93.36941512903324,91.99178722234039,92.63068778338305,4044700,GEHC
2024-09-26,92.3311996459961,92.3311996459961,92.56080810484333,89.22653866766534,90.86372230440816,5273200,GEHC
2024-09-27,91.83206176757812,91.83206176757812,94.38767172526953,91.7322349791728,92.52087955527757,12623800,GEHC
2024-09-30,93.68887329101562,93.68887329101562,94.15806759606636,92.23138078750881,92.35117750889286,3977300,GEHC
2024-10-01,91.51261138916016,91.51261138916016,93.6589216111943,90.99350752016146,93.6589216111943,2615400,GEHC
2024-10-02,90.8836898803711,90.8836898803711,92.32121991107897,90.81381037145032,91.47267322466125,1763400,GEHC
2024-10-03,89.72567749023438,89.72567749023438,90.68402830105438,89.36629498413997,90.3546006840472,2592900,GEHC
2024-10-04,91.2630386352539,91.2630386352539,91.31295583647744,89.765613994095,90.48437904045858,1988600,GEHC
2024-10-07,89.9053726196289,89.9053726196289,91.1432491345685,89.560963735081,90.84376116114542,2623400,GEHC
2024-10-08,90.53428649902344,90.53428649902344,90.86072089240272,89.70570979217013,90.08505458524156,2075400,GEHC
2024-10-09,90.61414337158203,90.61414337158203,90.86371411831209,89.84048014975464,90.64409825887724,2122900,GEHC
2024-10-10,90.09503936767578,90.09503936767578,90.70399259763623,89.6408187817341,90.14495656342785,2269300,GEHC
2024-10-11,90.87370300292969,90.87370300292969,91.45270898824457,90.23480247302881,90.52430546568625,1372100,GEHC
2024-10-14,91.46269989013672,91.46269989013672,91.64239115185784,90.41449959404761,90.89367883073578,1342800,GEHC
2024-10-15,90.55425262451172,90.55425262451172,91.7971177371793,90.45442584489513,91.73222690309574,2474300,GEHC
2024-10-16,90.06510162353516,90.06510162353516,90.96355792804493,89.81053456108498,90.88369345291171,1823100,GEHC
2024-10-17,90.66407012939453,90.66407012939453,90.7638969153559,90.10503403497438,90.58420565410721,1711100,GEHC
2024-10-18,91.21330261230469,91.21330261230469,91.4529752043158,89.86018634024796,89.93507926349386,1609500,GEHC
2024-10-21,89.67545318603516,89.67545318603516,91.32315859130276,89.39583513769362,90.76393773224528,1675400,GEHC
2024-10-22,89.18611907958984,89.18611907958984,89.43577231415935,87.57336131753823,89.1361930039632,2210200,GEHC
2024-10-23,89.16614532470703,89.16614532470703,90.23466080581167,87.98778181685981,88.52703368846566,2116600,GEHC
2024-10-24,88.77668762207031,88.77668762207031,89.85519137393915,88.47710070694728,89.43576816900456,1291700,GEHC
2024-10-25,88.29735565185547,88.29735565185547,89.5256529387727,88.17752697329628,89.13619449583089,2035500,GEHC
2024-10-28,85.81080627441406,85.81080627441406,86.84436665778033,84.78223621274489,86.53979703921135,4223700,GEHC
2024-10-29,85.15171813964844,85.15171813964844,86.57973488316546,84.89208427269025,85.54118417770923,3762300,GEHC
2024-10-30,87.07904052734375,87.07904052734375,90.03494137159541,85.68098858334704,89.6055375262788,4700400,GEHC
2024-10-31,87.22883605957031,87.22883605957031,88.02273149354829,85.88071015645805,86.00054644828585,3259500,GEHC
2024-11-01,86.82939147949219,86.82939147949219,88.31733023525257,86.59971477142989,87.08903297534754,3383300,GEHC
2024-11-04,86.86933898925781,86.86933898925781,87.79804934394649,86.42995446900505,87.47849350248437,1431700,GEHC
2024-11-05,88.04769897460938,88.04769897460938,88.06767549946392,86.68958479935361,86.68958479935361,1656200,GEHC
2024-11-06,86.65962982177734,86.65962982177734,89.87516471157934,84.95699292844863,89.79527384776526,4163100,GEHC
2024-11-07,88.20748138427734,88.20748138427734,88.75671392105842,86.81541015346608,86.98917239827965,2497300,GEHC
2024-11-08,85.82080078125,85.82080078125,88.98640205662193,85.72093338954757,88.67683447501886,10190500,GEHC
2024-11-11,85.27155303955078,85.27155303955078,87.02911383802869,84.35283102034182,86.87932038257229,4367000,GEHC
2024-11-12,84.80220794677734,84.80220794677734,85.79084023022047,84.60248840886811,85.30151441036244,3918900,GEHC
2024-11-13,84.063232421875,84.063232421875,85.28653167434783,83.13951246168298,85.00193096574047,3014800,GEHC
2024-11-14,82.80497741699219,82.80497741699219,84.57252646481643,82.58528136640959,83.53396816494245,3061100,GEHC
2024-11-15,81.64659118652344,81.64659118652344,82.7051184011022,81.40691860982469,82.69513013903683,3768400,GEHC
2024-11-18,82.60526275634766,82.60526275634766,83.36920103799433,81.77142187438076,81.78640045881995,2918000,GEHC
2024-11-19,82.40553283691406,82.40553283691406,83.1145546977254,81.59665882906319,81.88625748320021,2513600,GEHC
2024-11-20,84.78224182128906,84.78224182128906,85.17170026615435,82.29569768434635,82.3855691937096,6103400,GEHC
2024-11-21,81.8862533569336,81.8862533569336,85.1417333675618,81.72647164457352,84.48264523229359,4930600,GEHC
2024-11-22,82.32565307617188,82.32565307617188,82.46545827803689,80.44825587602095,81.84631551348319,5934900,GEHC
2024-11-25,82.54534912109375,82.54534912109375,83.38418033207525,81.78640115486377,83.24437513024499,5272900,GEHC
2024-11-26,82.39555358886719,82.39555358886719,83.3142756403566,82.27571729652912,82.66517572311294,2040900,GEHC
2024-11-27,82.88488006591797,82.88488006591797,83.7886236235303,82.60327351241546,82.73508659022907,1808000,GEHC
2024-11-29,83.10457611083984,83.10457611083984,83.39417479869303,82.7750319882332,83.13453328220179,1277700,GEHC
2024-12-02,82.96475982666016,82.96475982666016,83.13452218759751,82.27571450204053,82.77502094160567,2247000,GEHC
2024-12-03,82.4554672241211,82.4554672241211,82.94478541408435,81.9202075988059,82.36559571974108,2026700,GEHC
2024-12-04,82.89485931396484,82.89485931396484,83.09457884728747,82.38556459953675,82.50540089081743,1932700,GEHC
2024-12-05,81.45186614990234,81.45186614990234,83.21441736350131,81.24714867054536,82.64520829761966,2269200,GEHC
2024-12-06,81.12731170654297,81.12731170654297,81.85630249238821,80.35838310834444,81.2571362625331,3177200,GEHC
2024-12-09,81.7863998413086,81.7863998413086,82.00609590317394,80.94756102498744,81.24714794913326,2372600,GEHC
2024-12-10,82.24575805664062,82.24575805664062,82.8848696953893,81.53174588001272,82.30567239189466,3124600,GEHC
2024-12-11,82.63522338867188,82.63522338867188,83.21442074063614,81.66656758734152,81.93619735617179,3890100,GEHC
2024-12-12,81.51676940917969,81.51676940917969,82.50540167936755,80.72786429303518,82.2158030201136,2370000,GEHC
2024-12-13,80.98751068115234,80.98751068115234,81.37696913157235,80.50818072008728,81.28709762092728,2836000,GEHC
2024-12-16,80.17863464355469,80.17863464355469,81.66656580530102,79.97890748233264,80.64798394891125,2908800,GEHC
2024-12-17,79.14007568359375,79.14007568359375,80.71788596106863,79.1001302516411,80.22856013375784,3557100,GEHC
2024-12-18,76.98307037353516,76.98307037353516,80.25852732230955,76.87322995589528,79.25991435006199,3264100,GEHC
2024-12-19,77.32260131835938,77.32260131835938,78.07156103371783,76.8432637482526,77.20276502112962,3384400,GEHC
2024-12-20,78.80054473876953,78.80054473876953,78.92037340638507,76.78434055168682,77.46239953950774,11179900,GEHC
2024-12-23,79.17002868652344,79.17002868652344,79.2399312840589,77.42245612932511,78.67072224160964,2495700,GEHC
2024-12-24,79.24992370605469,79.24992370605469,79.67932757597245,78.62579061715167,79.42967434041124,1035700,GEHC
2024-12-26,79.59943389892578,79.59943389892578,80.06878318420335,78.86545280281075,78.99027941617982,1622000,GEHC
2024-12-27,79.39971160888672,79.39971160888672,79.75921285241533,78.78056888529598,79.20997272513229,1533000,GEHC
2024-12-30,78.490966796875,78.490966796875,79.05019516163048,77.49235396836816,79.01024973423286,1850600,GEHC
2024-12-31,78.07156372070312,78.07156372070312,79.16004822078988,77.86185590744272,78.89042606625863,1877800,GEHC
2025-01-02,78.27128601074219,78.27128601074219,78.81053795749395,77.61220537725409,78.81053795749395,2658500,GEHC
2025-01-03,80.40830993652344,80.40830993652344,80.50817732477825,78.28126713402571,78.44104886018376,2712600,GEHC
2025-01-06,81.60664367675781,81.60664367675781,82.28570072247048,80.308443918574,80.40830368024703,3746500,GEHC
2025-01-07,83.25436401367188,83.25436401367188,83.32426661510821,81.33702136790951,81.76642523925055,3382000,GEHC
2025-01-08,86.1403579711914,86.1403579711914,87.17891638685674,84.17308917739925,84.5325904604685,4432600,GEHC
2025-01-10,84.6424331665039,84.6424331665039,85.9506136526646,84.28293190607911,85.26156830038175,3792000,GEHC
2025-01-13,85.2416000366211,85.2416000366211,85.42634099004944,83.7806318847112,85.02190397372685,2903800,GEHC
2025-01-14,84.04776000976562,84.04776000976562,85.90594246573254,83.73806547441673,85.80604174032355,2821300,GEHC
2025-01-15,83.5782241821289,83.5782241821289,86.16568874205645,82.77900315081924,85.13669680905247,4148700,GEHC
2025-01-16,84.91691589355469,84.91691589355469,85.26657225814073,83.29749816121972,83.6781300781911,2115900,GEHC
2025-01-17,84.65717315673828,84.65717315673828,86.25560779550169,84.49733350383073,86.25560779550169,2855000,GEHC
2025-01-21,87.25462341308594,87.25462341308594,87.53435612167343,84.55726565245654,85.05677691345731,2861800,GEHC
2025-01-22,87.24463653564453,87.24463653564453,88.18371250037434,86.66819707898581,87.13474345116497,2381200,GEHC
2025-01-23,88.0738296508789,88.0738296508789,88.58332565192384,86.77509731682672,87.24463912409077,1696900,GEHC
2025-01-24,88.58332824707031,88.58332824707031,88.69322133802972,86.9349395046164,87.42446604504913,2008400,GEHC
2025-01-27,88.90301513671875,88.90301513671875,89.60233549917879,88.0838169455618,88.79312204578842,2376800,GEHC
2025-01-28,87.69419860839844,87.69419860839844,89.23269425685386,87.61427497477906,88.66325170570597,2406800,GEHC
2025-01-29,87.76412963867188,87.76412963867188,88.52338891207353,87.45443508667813,87.70419072459237,1336100,GEHC
2025-01-30,89.46247100830078,89.46247100830078,89.6622724664149,88.32358592878875,88.46344847385605,1618700,GEHC
2025-01-31,88.21369171142578,88.21369171142578,89.71222549391703,88.13376808042804,89.04287461173217,1775500,GEHC
2025-02-03,87.4244613647461,87.4244613647461,88.4034991493239,86.27558396199974,87.32456063884138,2142300,GEHC
2025-02-04,86.84503173828125,86.84503173828125,87.94395503359635,86.67519973177399,87.60429102058183,2488900,GEHC
2025-02-05,87.08479309082031,87.08479309082031,87.70418981028786,86.21564835797932,86.92495344762885,2346900,GEHC
2025-02-06,88.46344757080078,88.46344757080078,90.65130171598342,87.27960069665156,87.424463230952,3252700,GEHC
2025-02-07,87.55433654785156,87.55433654785156,89.27265657054595,87.41247705164679,88.71320637597094,1671400,GEHC
2025-02-10,87.41447448730469,87.41447448730469,88.1937108689387,86.7800930240258,87.91398577008928,2036400,GEHC
2025-02-11,86.94493103027344,86.94493103027344,87.89400702291516,86.65022120822633,86.725144850463,2392400,GEHC
2025-02-12,85.81603240966797,85.81603240966797,86.58527636430067,85.41642189396386,85.85599422343205,3656300,GEHC
2025-02-13,93.38863372802734,93.38863372802734,94.70734322304475,89.55238307401657,89.91203181101562,7832700,GEHC
2025-02-14,92.119873046875,92.119873046875,93.11889564704317,91.0908809882118,93.10890328689898,3946400,GEHC
2025-02-18,92.57941436767578,92.57941436767578,93.16884161322601,92.03494892784241,92.15982674185577,3262700,GEHC
2025-02-19,92.42955780029297,92.42955780029297,93.05894684961423,91.51045893498765,92.18979453585175,3284000,GEHC
2025-02-20,91.99998474121094,91.99998474121094,93.04896148766997,91.45052690130072,92.23975564561933,2341200,GEHC
2025-02-21,91.00096130371094,91.00096130371094,91.65032749189744,90.34161037772233,91.45052602873417,2854700,GEHC
2025-02-24,90.48147583007812,90.48147583007812,91.6103686148601,90.28267283431502,90.55140710662324,2769000,GEHC
2025-02-25,90.72122955322266,90.72122955322266,91.30066442461388,89.92201613724477,91.00095462991175,2310900,GEHC
2025-02-26,90.62133026123047,90.62133026123047,91.56041385233173,90.06687246762404,90.28166626900726,1845500,GEHC
2025-02-27,89.31261444091797,89.31261444091797,92.10787596464866,89.1927289951193,90.02191951253539,3926200,GEHC
2025-02-28,87.26461791992188,87.26461791992188,90.1717771890177,85.80604591653841,89.87206737626697,4214400,GEHC
2025-03-03,86.3655014038086,86.3655014038086,88.89303500421234,86.20566174995285,87.40448583065265,3556300,GEHC
2025-03-04,84.22758483886719,84.22758483886719,86.53533200508299,82.62915035750649,86.53533200508299,3998900,GEHC
2025-03-05,84.67715454101562,84.67715454101562,85.40443979587023,83.7081014357734,83.91789525928915,3111100,GEHC
2025-03-06,85.32652282714844,85.32652282714844,85.78607230260567,83.53827148151457,83.9178973207347,3946100,GEHC
2025-03-07,86.49537658691406,86.49537658691406,86.85502532455949,84.6172092632241,85.41643037397779,4076700,GEHC
2025-03-10,85.27656555175781,85.27656555175781,87.25462593418955,84.78704663597541,85.69116082500005,3552100,GEHC
2025-03-11,85.50633239746094,85.50633239746094,89.14278132159288,84.85697386787646,87.25462177820616,4276600,GEHC
2025-03-12,83.7081069946289,83.7081069946289,86.00585446805881,83.6731375440854,85.63622097338627,2819700,GEHC
2025-03-13,81.3703842163086,81.3703842163086,84.03778023608676,81.0806743820925,83.5582460550895,3605700,GEHC
2025-03-14,81.88987731933594,81.88987731933594,82.24952603688567,80.32241073896175,82.0697016781108,5207300,GEHC
2025-03-17,82.38938903808594,82.38938903808594,82.81396903898576,81.5402214143493,81.75999996790726,2526800,GEHC
2025-03-18,82.05970764160156,82.05970764160156,82.2994709077554,81.15060112888581,82.07969235991085,2899900,GEHC
2025-03-19,82.31946563720703,82.31946563720703,82.54424420293337,81.70006886721785,81.79996960510314,3124200,GEHC
2025-03-20,81.73003387451172,81.73003387451172,82.59918625283981,81.4702934945457,81.96980477870125,2731100,GEHC
2025-03-21,81.41034698486328,81.41034698486328,81.75001862161051,80.07166040140685,81.07068297005338,4304400,GEHC
2025-03-24,81.62013244628906,81.62013244628906,82.70907089794109,81.40035390613419,82.06969712927692,4453600,GEHC
2025-03-25,82.37940216064453,82.37940216064453,82.80898218080664,81.4003642871181,81.87989086380196,3730100,GEHC
2025-03-26,80.92082214355469,80.92082214355469,82.77900459512459,80.40632616807592,82.31945516178125,2859100,GEHC
2025-03-27,81.58018493652344,81.58018493652344,82.71907003160453,81.09065840015879,81.31044458025113,3074600,GEHC
2025-03-28,79.93179321289062,79.93179321289062,81.70805511491182,79.70701467237714,81.34041098952888,3189800,GEHC
2025-03-31,80.631103515625,80.631103515625,80.93081330865783,79.12257743538326,79.62208867581356,4151200,GEHC
2025-04-01,79.49222564697266,79.49222564697266,80.7609809581292,79.25246236414334,80.29144675232017,2996300,GEHC
2025-04-02,79.28243255615234,79.28243255615234,79.80192094408415,78.62307399484237,78.70299763050492,2806100,GEHC
2025-04-03,71.92962646484375,71.92962646484375,76.51513649344754,70.38113840189504,76.4601975680691,9331400,GEHC
2025-04-04,60.45085144042969,60.45085144042969,63.73464104811048,57.98326838985188,63.298067929360464,16890600,GEHC
2025-04-07,60.930389404296875,60.930389404296875,63.682693894194784,58.797474041786614,60.4708361168369,9299600,GEHC
2025-04-08,58.69257354736328,58.69257354736328,64.36702181392627,57.99325701524355,63.12823220180258,7418900,GEHC
2025-04-09,64.91648864746094,64.91648864746094,65.4659464767547,57.59365152728163,57.643601892583916,8488500,GEHC
2025-04-10,62.219120025634766,62.219120025634766,64.13724139467882,59.63864472748335,63.62774159695412,7636300,GEHC
2025-04-11,62.74860763549805,62.74860763549805,63.534837131072926,60.79951443020059,62.279065818250984,7221500,GEHC
2025-04-14,64.32705688476562,64.32705688476562,64.72167503269506,63.178183319215876,63.857515099602324,4896000,GEHC
2025-04-15,63.0383186340332,63.0383186340332,64.73666146819872,62.598750103133895,64.4369516674822,5405800,GEHC
2025-04-16,61.41990661621094,61.41990661621094,63.63274174210223,60.64067023784597,63.03832209857229,6206900,GEHC
2025-04-17,62.30903625488281,62.30903625488281,62.77857807951252,61.6396929662111,61.9294104244281,4474000,GEHC
2025-04-21,60.42087936401367,60.42087936401367,61.74458491726657,59.89139866709985,61.66965746878653,5755100,GEHC
2025-04-22,61.58974075317383,61.58974075317383,62.27906492977119,60.69061894807421,61.52979802917768,4508800,GEHC
2025-04-23,64.82656860351562,64.82656860351562,67.01443029013997,64.21217190785113,64.4369504431492,6292800,GEHC
2025-04-24,67.01443481445312,67.01443481445312,67.32412936746375,64.70668752963086,64.97642788774874,6555800,GEHC
2025-04-25,68.38880157470703,68.38880157470703,70.78770880248922,67.89902712901618,68.9685389497216,5508600,GEHC
2025-04-28,68.0389633178711,68.0389633178711,68.76863383126914,67.24932260164326,68.29884690666003,3896300,GEHC
2025-04-29,68.05895233154297,68.05895233154297,68.5087517403485,67.07940340963209,67.8490489911335,5692100,GEHC
2025-04-30,70.29793548583984,70.29793548583984,72.56689714391979,69.80815340636684,72.46694426322267,12759300,GEHC
2025-05-01,67.63914489746094,67.63914489746094,70.88766310146511,67.5991622198402,70.287938188986,8115300,GEHC
2025-05-02,70.49784088134766,70.49784088134766,71.17753114284277,69.33837374463008,69.8681308728997,7209400,GEHC
2025-05-05,69.33837890625,69.33837890625,70.55781633666757,69.15846065816929,69.89812117764932,5927300,GEHC
2025-05-06,67.05941009521484,67.05941009521484,68.948555462499,67.03942256859219,68.44878341185319,5677400,GEHC
2025-05-07,68.78861999511719,68.78861999511719,69.27839443566832,66.91946990946076,67.44423205158057,5304500,GEHC
2025-05-08,70.46785736083984,70.46785736083984,71.36744855445932,69.07849170521715,69.45831570878265,6022300,GEHC
2025-05-09,69.83815002441406,69.83815002441406,71.77726042089229,69.7581846650353,70.71774609983117,5724400,GEHC
2025-05-12,74.07621002197266,74.07621002197266,77.71454974733743,73.47648511823748,76.91491145841327,8031200,GEHC
2025-05-13,73.79634094238281,73.79634094238281,75.65549353333952,73.63641022982408,74.3161005063665,4751000,GEHC
2025-05-14,72.8067855834961,72.8067855834961,73.91128512388744,72.68684517702476,73.47648589859692,3849400,GEHC
2025-05-15,72.87676239013672,72.87676239013672,73.02668790110941,71.52237680899313,72.24704474038693,3448000,GEHC
2025-05-16,73.0966567993164,73.0966567993164,73.19661730938161,72.01215237317186,72.87676350455519,3309100,GEHC
2025-05-19,73.0666732788086,73.0666732788086,73.25658910094532,71.84722823840383,72.20706472986478,2418500,GEHC
2025-05-20,71.8172378540039,71.8172378540039,72.96671502687066,71.75726765180914,72.5668958851019,3268200,GEHC
2025-05-21,69.54827880859375,69.54827880859375,71.457404032952,69.37835814547755,71.38743625249732,3225900,GEHC
2025-05-22,69.40834045410156,69.40834045410156,70.08302810434874,68.19189249224678,69.37835535310157,2835100,GEHC
2025-05-23,69.12847137451172,69.12847137451172,69.32837713766199,68.40879842570506,68.46876862946694,2486600,GEHC
2025-05-27,70.97763061523438,70.97763061523438,71.3574546382806,69.73819040671543,70.34791293444522,3183800,GEHC
2025-05-28,71.11756134033203,71.11756134033203,71.41741998255539,70.46785617664081,70.97762578211128,2448600,GEHC
2025-05-29,71.49739074707031,71.49739074707031,71.96717771060564,70.74773264591818,71.76727193399836,2807600,GEHC
2025-05-30,70.50784301757812,70.50784301757812,71.30747373664089,69.55827152967578,71.30747373664089,7095500,GEHC
2025-06-02,70.1180191040039,70.1180191040039,70.41787775402292,69.82815040417753,70.39789022772146,2396200,GEHC
2025-06-03,71.1275634765625,71.1275634765625,71.26749904375531,69.27840074766986,69.96808863306045,2445300,GEHC
2025-06-04,71.09756469726562,71.09756469726562,71.51737898903771,70.8976589399767,71.31746560583295,1672500,GEHC
2025-06-05,71.51737976074219,71.51737976074219,71.94718400687542,70.81769435084935,71.27748369830789,1898800,GEHC
2025-06-06,71.58734893798828,71.58734893798828,72.4169647192246,70.84768083656961,71.98716046469279,2152700,GEHC
2025-06-09,71.63732147216797,71.63732147216797,72.95671933594885,71.44241068408384,71.81723970931608,2075600,GEHC
2025-06-10,73.88629913330078,73.88629913330078,74.08621253180387,71.72728781088223,71.85722580047194,4533500,GEHC
2025-06-11,73.36653900146484,73.36653900146484,74.1261946582742,72.8067891157502,73.971258915872,3051600,GEHC
2025-06-12,73.07666778564453,73.07666778564453,73.76135303534272,72.29702462886667,73.17662066775932,3574800,GEHC
2025-06-13,72.21705627441406,72.21705627441406,72.75681096652303,71.87721496415051,72.15708607281832,2976900,GEHC
2025-06-16,72.8267822265625,72.8267822265625,73.08666582243235,71.64731990797306,72.31701261087214,3046900,GEHC
2025-06-17,71.1075668334961,71.1075668334961,72.67685076920169,70.86267578308224,72.3370094348311,2918100,GEHC
2025-06-18,71.85722351074219,71.85722351074219,72.13709463381203,70.95763231093476,71.21751590774939,3496300,GEHC
2025-06-20,71.24749755859375,71.24749755859375,72.5768929546907,71.18252475605858,72.56689537908935,6306600,GEHC
2025-06-23,71.1275634765625,71.1275634765625,71.35245937912833,69.45831899490582,71.24750389077549,3142300,GEHC
2025-06-24,71.94718933105469,71.94718933105469,72.25704556890051,71.37744948596462,71.54737015665965,8746500,GEHC
2025-06-25,72.71683502197266,72.71683502197266,72.81678790919071,71.0675856921673,71.97717450545937,5681100,GEHC
2025-06-26,74.82587432861328,74.82587432861328,75.25567861039282,72.88675627231721,72.966721633094,5091900,GEHC
2025-06-27,74.34608459472656,74.34608459472656,75.53554446893561,74.0462259516419,75.1657104206236,6817100,GEHC
2025-06-30,74.0362319946289,74.0362319946289,74.546001626481,73.53845792923309,73.96626421189755,2952400,GEHC
2025-07-01,75.91536712646484,75.91536712646484,76.78996816536842,73.57643772286515,73.78634105709212,3298700,GEHC
2025-07-02,76.08529663085938,76.08529663085938,76.12527930838944,75.32564100962021,75.74544768481186,2526100,GEHC
2025-07-03,76.03531646728516,76.03531646728516,76.49510582055,75.65549246917489,76.1452669241437,1800500,GEHC
2025-07-07,74.57598114013672,74.57598114013672,76.45512118259043,74.34608265644111,75.57552517619172,3528300,GEHC
2025-07-08,75.16571044921875,75.16571044921875,76.64503901711362,74.46603265583902,74.62596336627782,3522500,GEHC
2025-07-09,75.47557830810547,75.47557830810547,76.07530325231312,74.8458606346585,75.81541964698712,2574300,GEHC
2025-07-10,76.46512603759766,76.46512603759766,77.28475192015354,75.09574783250942,75.47557948295596,2738500,GEHC
2025-07-11,75.09574127197266,75.09574127197266,75.82740976936974,74.90583308925673,75.63549597078206,1897900,GEHC
2025-07-14,74.41605377197266,74.41605377197266,74.84086305671781,73.8463139509014,74.77589025116673,2236700,GEHC
2025-07-15,74.35608673095703,74.35608673095703,74.89584147271248,73.62642379137546,74.75590590550735,4637500,GEHC
2025-07-16,75.41559600830078,75.41559600830078,76.17525162645437,74.16616593774633,74.40606200195226,6398500,GEHC
2025-07-17,76.20523834228516,76.20523834228516,76.54508729415141,74.77589000625579,75.25567451891519,3968000,GEHC
2025-07-18,75.92536926269531,75.92536926269531,76.81996550673578,75.41559963414385,76.80496532932527,3383600,GEHC
2025-07-21,74.12619018554688,74.12619018554688,75.86539469206075,74.06121738219916,75.6854764585651,3902800,GEHC
2025-07-22,76.45512390136719,76.45512390136719,76.7449925972409,74.07621175629086,74.12619201023725,4674300,GEHC
2025-07-23,77.21478271484375,77.21478271484375,77.76453502725774,76.66503040242976,77.5646216291452,2337000,GEHC
2025-07-24,76.73499298095703,76.73499298095703,77.81950498061217,76.28020623616796,76.96489146671514,2392500,GEHC
2025-07-25,77.61000061035156,77.61000061035156,77.83000183105469,75.97000122070312,76.76000213623047,3132700,GEHC
2025-07-28,77.73999786376953,77.73999786376953,78.7699966430664,76.98100280761719,77.37000274658203,3950900,GEHC
2025-07-29,77.72000122070312,77.72000122070312,78.69999694824219,77.44000244140625,78.20999908447266,4524000,GEHC
2025-07-30,71.63999938964844,71.63999938964844,73.92500305175781,70.31999969482422,73.3499984741211,12910000,GEHC
2025-07-31,71.31999969482422,71.31999969482422,73.01000213623047,71.11000061035156,72.33999633789062,6427700,GEHC
2025-08-01,69.8499984741211,69.8499984741211,70.9000015258789,69.08999633789062,70.38999938964844,5128400,GEHC
2025-08-04,70.63999938964844,70.63999938964844,70.9749984741211,69.91000366210938,70.41000366210938,3251600,GEHC
